X Displacement, Y Displacement
-1.027626140968893460e-16,-1.396983861923217957e-17
5.155674365512748214e-02,2.586743794617075640e-02
2.411308804820178620e-01,-9.648492052026498567e-02
6.349631310510636673e-02,4.807671396021691995e-02
8.539584318499861271e-02,7.155506882264012214e-02
